n_holes,seed,method,path_length,elapsed_s
15,0,Rastgele sıra,1559.061876915218,0.00028152699999850483
15,0,En yakın komşu (NN),501.8889350700184,6.53019999994342e-05
15,0,NN + 2-opt,501.8889350700184,0.0010007139999999026
15,0,ACO,501.8889350700184,0.726268761
15,0,ABC,637.6906794986872,0.16062019099999958
15,1,Rastgele sıra,1652.0023075970632,5.3847000000217804e-05
15,1,En yakın komşu (NN),557.7560725958132,7.862100000011196e-05
15,1,NN + 2-opt,557.7560725958132,0.0009339920000002166
15,1,ACO,557.7560725958132,0.711865851999999
15,1,ABC,633.6284468551469,0.16403582599999922
15,2,Rastgele sıra,1281.3023580362865,6.175099999694567e-05
15,2,En yakın komşu (NN),504.9921754157159,4.924599999966972e-05
15,2,NN + 2-opt,504.9921754157159,0.0013040159999988532
15,2,ACO,504.9921754157159,0.7131840609999998
15,2,ABC,572.6588424604811,0.15564894699999954
15,3,Rastgele sıra,1443.208440371173,6.636200000187387e-05
15,3,En yakın komşu (NN),615.1353072986171,6.781499999775065e-05
15,3,NN + 2-opt,610.6805399124776,0.0021576939999974343
15,3,ACO,589.1355561692202,0.7527134790000005
15,3,ABC,648.8176016555046,0.1556753939999993
15,4,Rastgele sıra,1394.502637456649,4.167100000174173e-05
15,4,En yakın komşu (NN),588.3104902888726,4.602799999986473e-05
15,4,NN + 2-opt,588.3104902888726,0.0009712700000008567
15,4,ACO,588.3104902888726,0.7139631310000034
15,4,ABC,676.7743185934505,0.1580644609999986
30,0,Rastgele sıra,2780.7759222655072,6.449199999991606e-05
30,0,En yakın komşu (NN),832.3104570643733,0.00010388900000180001
30,0,NN + 2-opt,766.4427121125408,0.01237980900000224
30,0,ACO,751.7719961717755,1.4342373459999997
30,0,ABC,1323.944130532953,0.1581557339999975
30,1,Rastgele sıra,2893.2254165507843,5.108500000261529e-05
30,1,En yakın komşu (NN),781.170431527896,0.00010631700000018895
30,1,NN + 2-opt,726.6878746347865,0.0172724819999992
30,1,ACO,724.1270283728072,1.4294798620000009
30,1,ABC,1342.587979900123,0.1552587540000019
30,2,Rastgele sıra,2678.91303592703,4.920499999983008e-05
30,2,En yakın komşu (NN),750.0433252146091,0.00011080300000188004
30,2,NN + 2-opt,649.3612307935648,0.012274222000002055
30,2,ACO,649.3612307935648,1.3609908610000012
30,2,ABC,1098.867980841473,0.15714182099999974
30,3,Rastgele sıra,2605.1056007598027,0.00010679400000057626
30,3,En yakın komşu (NN),854.9912087608462,0.0001112290000016003
30,3,NN + 2-opt,774.059326765192,0.012126335999997906
30,3,ACO,794.7880058175257,1.3428982099999978
30,3,ABC,1336.503079362016,0.15186178699999786
30,4,Rastgele sıra,2740.9857521795084,5.916199999944638e-05
30,4,En yakın komşu (NN),1022.0377298513823,0.00012086699999969142
30,4,NN + 2-opt,849.1195403038523,0.01209889099999728
30,4,ACO,876.7440311647244,1.3434823430000016
30,4,ABC,1251.6763991376565,0.1545641230000001
50,0,Rastgele sıra,4948.113353806766,6.42180000021142e-05
50,0,En yakın komşu (NN),1081.9539386128106,0.00025992100000138407
50,0,NN + 2-opt,970.4238107519609,0.047741315999999756
50,0,ACO,1009.3345348585444,2.3008468089999994
50,0,ABC,2396.6976121547796,0.15971794000000017
50,1,Rastgele sıra,4592.618691446329,5.055000000453447e-05
50,1,En yakın komşu (NN),1032.440423983104,0.0002476730000040561
50,1,NN + 2-opt,955.1315495395421,0.024158270000000925
50,1,ACO,940.7971456665285,2.2571173259999995
50,1,ABC,2402.9164862327084,0.15942839800000286
50,2,Rastgele sıra,4598.962284563597,7.657899999458095e-05
50,2,En yakın komşu (NN),1186.7204358609006,0.0002330440000051226
50,2,NN + 2-opt,1050.525527482882,0.035624040000001855
50,2,ACO,1030.030668047249,2.2932363990000013
50,2,ABC,2386.6699248183168,0.15868670799999762
50,3,Rastgele sıra,4199.3428155194,5.8077000005596346e-05
50,3,En yakın komşu (NN),1095.222224221091,0.00022365399999557667
50,3,NN + 2-opt,998.2094453472679,0.0483130559999978
50,3,ACO,999.2461683479679,2.231463194
50,3,ABC,2261.7413517188343,0.16089729100000483
50,4,Rastgele sıra,4490.682793186833,5.2540999995187576e-05
50,4,En yakın komşu (NN),1265.9470943285696,0.00022256900000172664
50,4,NN + 2-opt,1022.9317648173369,0.07130619400000171
50,4,ACO,1083.7784740433467,2.2287785059999976
50,4,ABC,2198.9928607559236,0.1542253600000052
