n_holes,method,mean,std,min,max
15,ACO,548.4166459079281,42.97466077981798,501.8889350700184,589.1355561692202
15,NN + 2-opt,552.7256426565796,48.76784661896835,501.8889350700184,610.6805399124776
15,En yakın komşu (NN),553.6165961338074,50.11346772500846,501.8889350700184,615.1353072986171
15,ABC,633.913977812654,38.16301686862953,572.6588424604811,676.7743185934505
15,Rastgele sıra,1466.0155240752779,144.05026652991387,1281.3023580362865,1652.0023075970632
30,NN + 2-opt,753.1341369219873,72.96643105095988,649.3612307935648,849.1195403038523
30,ACO,759.3584584640796,84.31017684051596,649.3612307935648,876.7440311647244
30,En yakın komşu (NN),848.1106304838213,105.647776042551,750.0433252146091,1022.0377298513823
30,ABC,1270.7159139548444,102.73875032753072,1098.867980841473,1342.587979900123
30,Rastgele sıra,2739.8011455365263,108.47764082019549,2605.1056007598027,2893.2254165507843
50,NN + 2-opt,999.4444195877979,38.627342389206014,955.1315495395421,1050.525527482882
50,ACO,1012.6373981927275,51.7562419795991,940.7971456665285,1083.7784740433467
50,En yakın komşu (NN),1132.4568234012952,93.14562385057596,1032.440423983104,1265.9470943285696
50,ABC,2329.403647136113,93.27003970325244,2198.9928607559236,2402.9164862327084
50,Rastgele sıra,4565.943987704585,268.28894823581237,4199.3428155194,4948.113353806766
