n_holes,iteration,ACO,ABC
15,0,577.557098700989,1122.7502355337558
15,1,553.381312479533,1122.7502355337558
15,2,534.8045955174281,1122.7502355337558
15,3,501.8889350700184,967.6586124859788
15,4,501.8889350700184,967.6586124859788
15,5,501.8889350700184,945.2883934374253
15,6,501.8889350700184,889.5884611708623
15,7,501.8889350700184,888.1716178023552
15,8,501.8889350700184,863.3691019308611
15,9,501.8889350700184,863.3691019308611
15,10,501.8889350700184,863.3691019308611
15,11,501.8889350700184,863.3691019308611
15,12,501.8889350700184,863.3691019308611
15,13,501.8889350700184,863.3691019308611
15,14,501.8889350700184,863.3691019308611
15,15,501.8889350700184,863.3691019308611
15,16,501.8889350700184,863.3691019308611
15,17,501.8889350700184,863.3691019308611
15,18,501.8889350700184,863.3691019308611
15,19,501.8889350700184,843.9856199157554
15,20,501.8889350700184,843.1734721357066
15,21,501.8889350700184,837.5170209829482
15,22,501.8889350700184,837.5170209829482
15,23,501.8889350700184,748.6740441863697
15,24,501.8889350700184,715.5488979685935
15,25,501.8889350700184,694.8708567266277
15,26,501.8889350700184,694.8708567266277
15,27,501.8889350700184,694.8708567266277
15,28,501.8889350700184,694.8708567266277
15,29,501.8889350700184,694.8708567266277
15,30,501.8889350700184,694.8708567266277
15,31,501.8889350700184,694.8708567266277
15,32,501.8889350700184,694.8708567266277
15,33,501.8889350700184,694.8708567266277
15,34,501.8889350700184,694.8708567266277
15,35,501.8889350700184,646.7819135662319
15,36,501.8889350700184,646.7819135662319
15,37,501.8889350700184,646.7819135662319
15,38,501.8889350700184,646.7819135662319
15,39,501.8889350700184,646.7819135662319
15,40,501.8889350700184,646.7819135662319
15,41,501.8889350700184,646.7819135662319
15,42,501.8889350700184,646.7819135662319
15,43,501.8889350700184,646.7819135662319
15,44,501.8889350700184,646.7819135662319
15,45,501.8889350700184,646.7819135662319
15,46,501.8889350700184,646.7819135662319
15,47,501.8889350700184,646.7819135662319
15,48,501.8889350700184,646.7819135662319
15,49,501.8889350700184,646.7819135662319
15,50,501.8889350700184,646.7819135662319
15,51,501.8889350700184,646.7819135662319
15,52,501.8889350700184,646.7819135662319
15,53,501.8889350700184,646.7819135662319
15,54,501.8889350700184,646.7819135662319
15,55,501.8889350700184,646.7819135662319
15,56,501.8889350700184,646.7819135662319
15,57,501.8889350700184,646.7819135662319
15,58,501.8889350700184,646.7819135662319
15,59,501.8889350700184,646.7819135662319
15,60,501.8889350700184,646.7819135662319
15,61,501.8889350700184,646.7819135662319
15,62,501.8889350700184,646.7819135662319
15,63,501.8889350700184,646.7819135662319
15,64,501.8889350700184,646.7819135662319
15,65,501.8889350700184,646.7819135662319
15,66,501.8889350700184,646.7819135662319
15,67,501.8889350700184,646.7819135662319
15,68,501.8889350700184,646.7819135662319
15,69,501.8889350700184,646.7819135662319
15,70,501.8889350700184,646.7819135662319
15,71,501.8889350700184,646.7819135662319
15,72,501.8889350700184,646.7819135662319
15,73,501.8889350700184,646.7819135662319
15,74,501.8889350700184,646.7819135662319
15,75,501.8889350700184,646.7819135662319
15,76,501.8889350700184,646.7819135662319
15,77,501.8889350700184,646.7819135662319
15,78,501.8889350700184,646.7819135662319
15,79,501.8889350700184,646.7819135662319
15,80,501.8889350700184,646.7819135662319
15,81,501.8889350700184,646.7819135662319
15,82,501.8889350700184,646.7819135662319
15,83,501.8889350700184,637.6906794986872
15,84,501.8889350700184,637.6906794986872
15,85,501.8889350700184,637.6906794986872
15,86,501.8889350700184,637.6906794986872
15,87,501.8889350700184,637.6906794986872
15,88,501.8889350700184,637.6906794986872
15,89,501.8889350700184,637.6906794986872
15,90,501.8889350700184,637.6906794986872
15,91,501.8889350700184,637.6906794986872
15,92,501.8889350700184,637.6906794986872
15,93,501.8889350700184,637.6906794986872
15,94,501.8889350700184,637.6906794986872
15,95,501.8889350700184,637.6906794986872
15,96,501.8889350700184,637.6906794986872
15,97,501.8889350700184,637.6906794986872
15,98,501.8889350700184,637.6906794986872
15,99,501.8889350700184,637.6906794986872
15,100,501.8889350700184,637.6906794986872
15,101,501.8889350700184,637.6906794986872
15,102,501.8889350700184,637.6906794986872
15,103,501.8889350700184,637.6906794986872
15,104,501.8889350700184,637.6906794986872
15,105,501.8889350700184,637.6906794986872
15,106,501.8889350700184,637.6906794986872
15,107,501.8889350700184,637.6906794986872
15,108,501.8889350700184,637.6906794986872
15,109,501.8889350700184,637.6906794986872
15,110,501.8889350700184,637.6906794986872
15,111,501.8889350700184,637.6906794986872
15,112,501.8889350700184,637.6906794986872
15,113,501.8889350700184,637.6906794986872
15,114,501.8889350700184,637.6906794986872
15,115,501.8889350700184,637.6906794986872
15,116,501.8889350700184,637.6906794986872
15,117,501.8889350700184,637.6906794986872
15,118,501.8889350700184,637.6906794986872
15,119,501.8889350700184,637.6906794986872
15,120,501.8889350700184,637.6906794986872
15,121,501.8889350700184,637.6906794986872
15,122,501.8889350700184,637.6906794986872
15,123,501.8889350700184,637.6906794986872
15,124,501.8889350700184,637.6906794986872
15,125,501.8889350700184,637.6906794986872
15,126,501.8889350700184,637.6906794986872
15,127,501.8889350700184,637.6906794986872
15,128,501.8889350700184,637.6906794986872
15,129,501.8889350700184,637.6906794986872
15,130,501.8889350700184,637.6906794986872
15,131,501.8889350700184,637.6906794986872
15,132,501.8889350700184,637.6906794986872
15,133,501.8889350700184,637.6906794986872
15,134,501.8889350700184,637.6906794986872
15,135,501.8889350700184,637.6906794986872
15,136,501.8889350700184,637.6906794986872
15,137,501.8889350700184,637.6906794986872
15,138,501.8889350700184,637.6906794986872
15,139,501.8889350700184,637.6906794986872
15,140,501.8889350700184,637.6906794986872
15,141,501.8889350700184,637.6906794986872
15,142,501.8889350700184,637.6906794986872
15,143,501.8889350700184,637.6906794986872
15,144,501.8889350700184,637.6906794986872
15,145,501.8889350700184,637.6906794986872
15,146,501.8889350700184,637.6906794986872
15,147,501.8889350700184,637.6906794986872
15,148,501.8889350700184,637.6906794986872
15,149,501.8889350700184,637.6906794986872
30,0,972.9882618379165,2374.390717964743
30,1,917.5325289532786,2374.390717964743
30,2,876.1318977886706,2357.0621281198955
30,3,752.4023290798525,2348.271560893861
30,4,752.4023290798525,2295.73924822024
30,5,752.4023290798525,2242.5726551514203
30,6,751.7719961717755,2242.5726551514203
30,7,751.7719961717755,2184.521174862701
30,8,751.7719961717755,2184.521174862701
30,9,751.7719961717755,2084.4029894058144
30,10,751.7719961717755,2082.340009484613
30,11,751.7719961717755,2076.8690374619505
30,12,751.7719961717755,1989.0950263756174
30,13,751.7719961717755,1971.1827243403595
30,14,751.7719961717755,1971.1827243403595
30,15,751.7719961717755,1971.1827243403595
30,16,751.7719961717755,1894.076620317141
30,17,751.7719961717755,1781.7487115794743
30,18,751.7719961717755,1765.6059245346873
30,19,751.7719961717755,1765.2009230990498
30,20,751.7719961717755,1765.2009230990498
30,21,751.7719961717755,1765.2009230990498
30,22,751.7719961717755,1765.2009230990498
30,23,751.7719961717755,1765.2009230990498
30,24,751.7719961717755,1748.4864033317365
30,25,751.7719961717755,1748.4864033317365
30,26,751.7719961717755,1722.5945322432067
30,27,751.7719961717755,1722.5945322432067
30,28,751.7719961717755,1722.5945322432067
30,29,751.7719961717755,1722.5945322432067
30,30,751.7719961717755,1644.9995290671577
30,31,751.7719961717755,1625.008558819958
30,32,751.7719961717755,1625.008558819958
30,33,751.7719961717755,1583.0141224618947
30,34,751.7719961717755,1583.0141224618947
30,35,751.7719961717755,1583.0141224618947
30,36,751.7719961717755,1583.0141224618947
30,37,751.7719961717755,1583.0141224618947
30,38,751.7719961717755,1583.0141224618947
30,39,751.7719961717755,1583.0141224618947
30,40,751.7719961717755,1583.0141224618947
30,41,751.7719961717755,1583.0141224618947
30,42,751.7719961717755,1563.0624217799425
30,43,751.7719961717755,1532.4911595354338
30,44,751.7719961717755,1532.4911595354338
30,45,751.7719961717755,1532.4911595354338
30,46,751.7719961717755,1458.871115995288
30,47,751.7719961717755,1458.871115995288
30,48,751.7719961717755,1409.8834417737576
30,49,751.7719961717755,1409.8834417737576
30,50,751.7719961717755,1409.8834417737576
30,51,751.7719961717755,1409.8834417737576
30,52,751.7719961717755,1409.8834417737576
30,53,751.7719961717755,1409.8834417737576
30,54,751.7719961717755,1409.8834417737576
30,55,751.7719961717755,1409.8834417737576
30,56,751.7719961717755,1409.8834417737576
30,57,751.7719961717755,1409.8834417737576
30,58,751.7719961717755,1409.8834417737576
30,59,751.7719961717755,1409.8834417737576
30,60,751.7719961717755,1409.8834417737576
30,61,751.7719961717755,1409.8834417737576
30,62,751.7719961717755,1409.8834417737576
30,63,751.7719961717755,1409.8834417737576
30,64,751.7719961717755,1409.8834417737576
30,65,751.7719961717755,1409.8834417737576
30,66,751.7719961717755,1409.8834417737576
30,67,751.7719961717755,1409.8834417737576
30,68,751.7719961717755,1409.8834417737576
30,69,751.7719961717755,1409.8834417737576
30,70,751.7719961717755,1409.8834417737576
30,71,751.7719961717755,1409.8834417737576
30,72,751.7719961717755,1409.8834417737576
30,73,751.7719961717755,1409.8834417737576
30,74,751.7719961717755,1409.8834417737576
30,75,751.7719961717755,1409.8834417737576
30,76,751.7719961717755,1409.8834417737576
30,77,751.7719961717755,1409.8834417737576
30,78,751.7719961717755,1409.8834417737576
30,79,751.7719961717755,1409.8834417737576
30,80,751.7719961717755,1409.8834417737576
30,81,751.7719961717755,1409.8834417737576
30,82,751.7719961717755,1409.8834417737576
30,83,751.7719961717755,1409.8834417737576
30,84,751.7719961717755,1409.8834417737576
30,85,751.7719961717755,1409.8834417737576
30,86,751.7719961717755,1409.8834417737576
30,87,751.7719961717755,1409.8834417737576
30,88,751.7719961717755,1409.8834417737576
30,89,751.7719961717755,1409.8834417737576
30,90,751.7719961717755,1409.8834417737576
30,91,751.7719961717755,1409.8834417737576
30,92,751.7719961717755,1409.8834417737576
30,93,751.7719961717755,1409.8834417737576
30,94,751.7719961717755,1409.8834417737576
30,95,751.7719961717755,1409.8834417737576
30,96,751.7719961717755,1409.8834417737576
30,97,751.7719961717755,1409.8834417737576
30,98,751.7719961717755,1409.8834417737576
30,99,751.7719961717755,1409.8834417737576
30,100,751.7719961717755,1409.8834417737576
30,101,751.7719961717755,1406.1890590091825
30,102,751.7719961717755,1383.9479648174492
30,103,751.7719961717755,1374.335932995549
30,104,751.7719961717755,1358.2663723702751
30,105,751.7719961717755,1358.2663723702751
30,106,751.7719961717755,1323.944130532953
30,107,751.7719961717755,1323.944130532953
30,108,751.7719961717755,1323.944130532953
30,109,751.7719961717755,1323.944130532953
30,110,751.7719961717755,1323.944130532953
30,111,751.7719961717755,1323.944130532953
30,112,751.7719961717755,1323.944130532953
30,113,751.7719961717755,1323.944130532953
30,114,751.7719961717755,1323.944130532953
30,115,751.7719961717755,1323.944130532953
30,116,751.7719961717755,1323.944130532953
30,117,751.7719961717755,1323.944130532953
30,118,751.7719961717755,1323.944130532953
30,119,751.7719961717755,1323.944130532953
30,120,751.7719961717755,1323.944130532953
30,121,751.7719961717755,1323.944130532953
30,122,751.7719961717755,1323.944130532953
30,123,751.7719961717755,1323.944130532953
30,124,751.7719961717755,1323.944130532953
30,125,751.7719961717755,1323.944130532953
30,126,751.7719961717755,1323.944130532953
30,127,751.7719961717755,1323.944130532953
30,128,751.7719961717755,1323.944130532953
30,129,751.7719961717755,1323.944130532953
30,130,751.7719961717755,1323.944130532953
30,131,751.7719961717755,1323.944130532953
30,132,751.7719961717755,1323.944130532953
30,133,751.7719961717755,1323.944130532953
30,134,751.7719961717755,1323.944130532953
30,135,751.7719961717755,1323.944130532953
30,136,751.7719961717755,1323.944130532953
30,137,751.7719961717755,1323.944130532953
30,138,751.7719961717755,1323.944130532953
30,139,751.7719961717755,1323.944130532953
30,140,751.7719961717755,1323.944130532953
30,141,751.7719961717755,1323.944130532953
30,142,751.7719961717755,1323.944130532953
30,143,751.7719961717755,1323.944130532953
30,144,751.7719961717755,1323.944130532953
30,145,751.7719961717755,1323.944130532953
30,146,751.7719961717755,1323.944130532953
30,147,751.7719961717755,1323.944130532953
30,148,751.7719961717755,1323.944130532953
30,149,751.7719961717755,1323.944130532953
50,0,1442.3954221200552,4417.945381241987
50,1,1381.207227886319,4313.048254280945
50,2,1225.8666045056902,4250.862366124098
50,3,1225.8666045056902,4186.946547407089
50,4,1170.513333229546,4139.642599009484
50,5,1119.3855501693097,4129.009841503793
50,6,1093.5127164199375,4060.542995764625
50,7,1073.8065135120708,3941.7662646850654
50,8,1073.8065135120708,3941.7662646850654
50,9,1073.8065135120708,3934.2258543695107
50,10,1073.8065135120708,3794.8282204861175
50,11,1066.3906868974711,3738.237714313461
50,12,1064.2192700235312,3588.6404847731246
50,13,1060.7755714386965,3588.6404847731246
50,14,1060.7755714386965,3588.6404847731246
50,15,1058.5790533709833,3524.894498109826
50,16,1047.924704156505,3524.894498109826
50,17,1015.503341031964,3505.5827025476183
50,18,1015.503341031964,3505.5827025476183
50,19,1015.503341031964,3498.5106229242933
50,20,1015.503341031964,3402.7622426914845
50,21,1015.503341031964,3402.7622426914845
50,22,1015.503341031964,3401.672253263641
50,23,1015.503341031964,3390.155350256748
50,24,1015.503341031964,3337.0387194044806
50,25,1015.503341031964,3337.0387194044806
50,26,1015.503341031964,3319.5515713186787
50,27,1015.503341031964,3319.5515713186787
50,28,1015.503341031964,3319.5515713186787
50,29,1015.503341031964,3319.5515713186787
50,30,1015.503341031964,3319.5515713186787
50,31,1015.503341031964,3319.5515713186787
50,32,1015.503341031964,3319.5515713186787
50,33,1015.503341031964,3319.5515713186787
50,34,1015.503341031964,3319.5515713186787
50,35,1015.503341031964,3201.440686064328
50,36,1015.503341031964,3201.440686064328
50,37,1015.503341031964,3139.344855475448
50,38,1009.3345348585444,3139.344855475448
50,39,1009.3345348585444,3138.0986410750897
50,40,1009.3345348585444,3127.592846191828
50,41,1009.3345348585444,3106.3446982465916
50,42,1009.3345348585444,3089.933422241258
50,43,1009.3345348585444,3086.7965692498105
50,44,1009.3345348585444,3083.5036199761316
50,45,1009.3345348585444,3083.5036199761316
50,46,1009.3345348585444,3083.5036199761316
50,47,1009.3345348585444,3083.5036199761316
50,48,1009.3345348585444,3083.5036199761316
50,49,1009.3345348585444,3082.1154839427427
50,50,1009.3345348585444,2997.746599187858
50,51,1009.3345348585444,2997.746599187858
50,52,1009.3345348585444,2987.54065408737
50,53,1009.3345348585444,2943.5470774041646
50,54,1009.3345348585444,2943.5470774041646
50,55,1009.3345348585444,2939.2520484133643
50,56,1009.3345348585444,2939.2520484133643
50,57,1009.3345348585444,2939.2520484133643
50,58,1009.3345348585444,2939.2520484133643
50,59,1009.3345348585444,2939.2520484133643
50,60,1009.3345348585444,2924.843614160009
50,61,1009.3345348585444,2924.843614160009
50,62,1009.3345348585444,2834.8150016009804
50,63,1009.3345348585444,2834.8150016009804
50,64,1009.3345348585444,2834.8150016009804
50,65,1009.3345348585444,2834.8150016009804
50,66,1009.3345348585444,2834.8150016009804
50,67,1009.3345348585444,2834.8150016009804
50,68,1009.3345348585444,2834.8150016009804
50,69,1009.3345348585444,2805.1897250332404
50,70,1009.3345348585444,2784.4355372997857
50,71,1009.3345348585444,2784.4355372997857
50,72,1009.3345348585444,2757.4195667490953
50,73,1009.3345348585444,2757.4195667490953
50,74,1009.3345348585444,2757.4195667490953
50,75,1009.3345348585444,2757.4195667490953
50,76,1009.3345348585444,2757.4195667490953
50,77,1009.3345348585444,2757.4195667490953
50,78,1009.3345348585444,2757.4195667490953
50,79,1009.3345348585444,2757.4195667490953
50,80,1009.3345348585444,2757.4195667490953
50,81,1009.3345348585444,2757.4195667490953
50,82,1009.3345348585444,2757.4195667490953
50,83,1009.3345348585444,2757.4195667490953
50,84,1009.3345348585444,2757.4195667490953
50,85,1009.3345348585444,2757.4195667490953
50,86,1009.3345348585444,2757.4195667490953
50,87,1009.3345348585444,2757.4195667490953
50,88,1009.3345348585444,2757.4195667490953
50,89,1009.3345348585444,2757.4195667490953
50,90,1009.3345348585444,2757.4195667490953
50,91,1009.3345348585444,2757.4195667490953
50,92,1009.3345348585444,2757.4195667490953
50,93,1009.3345348585444,2757.4195667490953
50,94,1009.3345348585444,2757.4195667490953
50,95,1009.3345348585444,2757.4195667490953
50,96,1009.3345348585444,2757.4195667490953
50,97,1009.3345348585444,2757.4195667490953
50,98,1009.3345348585444,2757.4195667490953
50,99,1009.3345348585444,2757.4195667490953
50,100,1009.3345348585444,2739.484077474893
50,101,1009.3345348585444,2739.484077474893
50,102,1009.3345348585444,2739.484077474893
50,103,1009.3345348585444,2739.484077474893
50,104,1009.3345348585444,2739.484077474893
50,105,1009.3345348585444,2739.484077474893
50,106,1009.3345348585444,2708.150297999349
50,107,1009.3345348585444,2708.150297999349
50,108,1009.3345348585444,2691.8236250913615
50,109,1009.3345348585444,2667.540730166123
50,110,1009.3345348585444,2667.540730166123
50,111,1009.3345348585444,2664.849718841908
50,112,1009.3345348585444,2630.8789261538386
50,113,1009.3345348585444,2630.8789261538386
50,114,1009.3345348585444,2630.8789261538386
50,115,1009.3345348585444,2630.8789261538386
50,116,1009.3345348585444,2519.072475602393
50,117,1009.3345348585444,2511.0307948117425
50,118,1009.3345348585444,2511.0307948117425
50,119,1009.3345348585444,2500.7621495467774
50,120,1009.3345348585444,2500.7621495467774
50,121,1009.3345348585444,2500.7621495467774
50,122,1009.3345348585444,2500.7621495467774
50,123,1009.3345348585444,2500.7621495467774
50,124,1009.3345348585444,2443.0729199925636
50,125,1009.3345348585444,2443.0729199925636
50,126,1009.3345348585444,2396.6976121547796
50,127,1009.3345348585444,2396.6976121547796
50,128,1009.3345348585444,2396.6976121547796
50,129,1009.3345348585444,2396.6976121547796
50,130,1009.3345348585444,2396.6976121547796
50,131,1009.3345348585444,2396.6976121547796
50,132,1009.3345348585444,2396.6976121547796
50,133,1009.3345348585444,2396.6976121547796
50,134,1009.3345348585444,2396.6976121547796
50,135,1009.3345348585444,2396.6976121547796
50,136,1009.3345348585444,2396.6976121547796
50,137,1009.3345348585444,2396.6976121547796
50,138,1009.3345348585444,2396.6976121547796
50,139,1009.3345348585444,2396.6976121547796
50,140,1009.3345348585444,2396.6976121547796
50,141,1009.3345348585444,2396.6976121547796
50,142,1009.3345348585444,2396.6976121547796
50,143,1009.3345348585444,2396.6976121547796
50,144,1009.3345348585444,2396.6976121547796
50,145,1009.3345348585444,2396.6976121547796
50,146,1009.3345348585444,2396.6976121547796
50,147,1009.3345348585444,2396.6976121547796
50,148,1009.3345348585444,2396.6976121547796
50,149,1009.3345348585444,2396.6976121547796
