seed,method,path_length,gap_pct_vs_optimal,elapsed_s
0,Optimal (brute force),413.3434353326746,0.0,3.1470319820000014
0,NN,413.3434353326746,0.0,6.566900000137821e-05
0,NN + 2-opt,413.3434353326746,0.0,0.00040516000000678787
0,ACO,413.3434353326746,0.0,0.41574948000000234
0,ABC,413.3434353326746,0.0,0.14745432299999806
1,Optimal (brute force),452.4063507528099,0.0,3.158466302000001
1,NN,518.5894514581026,14.629127242613471,4.10139999971193e-05
1,NN + 2-opt,500.93623747578704,10.727056912932987,0.0007014759999961484
1,ACO,452.4063507528099,0.0,0.4227328099999994
1,ABC,457.6350098126868,1.1557439569927264,0.15190212199999564
2,Optimal (brute force),420.69901610002205,0.0,3.195785272000002
2,NN,420.69901610002205,0.0,7.506500000431515e-05
2,NN + 2-opt,420.69901610002205,0.0,0.0008782430000096042
2,ACO,420.69901610002205,0.0,0.5078997029999996
2,ABC,420.69901610002205,0.0,0.14895948699999906
3,Optimal (brute force),399.6628479239073,0.0,3.236679697999996
3,NN,406.51638390724577,1.7148293915583903,4.229900000041198e-05
3,NN + 2-opt,399.6628479239073,0.0,0.0006812379999985296
3,ACO,399.6628479239073,0.0,0.4314195540000014
3,ABC,399.6628479239073,0.0,0.15461262900000605
4,Optimal (brute force),452.9920134893135,0.0,3.1244126340000022
4,NN,479.05164208178775,5.752778816505347,3.8307000004067504e-05
4,NN + 2-opt,479.05164208178775,5.752778816505347,0.00035619600000558194
4,ACO,452.9920134893135,0.0,0.4235984810000062
4,ABC,452.9920134893135,0.0,0.14776115400000123
5,Optimal (brute force),543.2987052112682,0.0,3.1664998440000076
5,NN,583.1314691238606,7.331650808389649,4.7101000006932736e-05
5,NN + 2-opt,556.5278502704997,2.4349671612206825,0.0006946110000143335
5,ACO,543.2987052112682,0.0,0.4262294560000015
5,ABC,543.2987052112682,0.0,0.15406685300000333
6,Optimal (brute force),488.08997021909397,0.0,3.119334146
6,NN,507.9994157792993,4.079052382754015,4.09330000081809e-05
6,NN + 2-opt,503.46127284692636,3.14927647886977,0.0006791620000115017
6,ACO,495.91853432614016,1.6039182496481341,0.46514393999999015
6,ABC,488.08997021909397,0.0,0.14639198500000816
7,Optimal (brute force),525.9539493991088,0.0,3.1364147800000097
7,NN,633.8613644199544,20.51651387809286,7.152399999199588e-05
7,NN + 2-opt,530.4099457367122,0.8472217658398267,0.0011549979999898596
7,ACO,525.9539493991088,0.0,0.428804815999996
7,ABC,529.966673156506,0.7629420336099153,0.14860052000000223
8,Optimal (brute force),383.3870016288818,0.0,3.0616878360000044
8,NN,383.3870016288818,0.0,4.0081000008740375e-05
8,NN + 2-opt,383.3870016288818,0.0,0.0003587860000067167
8,ACO,383.3870016288818,0.0,0.41496207799998786
8,ABC,383.3870016288818,0.0,0.14672957000000508
9,Optimal (brute force),501.40928807963036,0.0,3.1915564939999967
9,NN,501.40928807963036,0.0,8.240799999725823e-05
9,NN + 2-opt,501.40928807963036,0.0,0.000554766999997014
9,ACO,501.40928807963036,0.0,0.476613398000012
9,ABC,501.40928807963036,0.0,0.15565420400000107
